-- MySQL Administrator dump 1.4
--
-- ------------------------------------------------------
-- Server version	5.6.10


/*!40101 SET @OLD_CHARACTER_SET_CLIENT=@@CHARACTER_SET_CLIENT */;
/*!40101 SET @OLD_CHARACTER_SET_RESULTS=@@CHARACTER_SET_RESULTS */;
/*!40101 SET @OLD_COLLATION_CONNECTION=@@COLLATION_CONNECTION */;
/*!40101 SET NAMES utf8 */;

/*!40014 SET @OLD_UNIQUE_CHECKS=@@UNIQUE_CHECKS, UNIQUE_CHECKS=0 */;
/*!40014 SET @OLD_FOREIGN_KEY_CHECKS=@@FOREIGN_KEY_CHECKS, FOREIGN_KEY_CHECKS=0 */;
/*!40101 SET @OLD_SQL_MODE=@@SQL_MODE, SQL_MODE='NO_AUTO_VALUE_ON_ZERO' */;


--
-- Create schema db_senso
--

CREATE DATABASE IF NOT EXISTS db_senso;
USE db_senso;

--
-- Definition of table `autor`
--

DROP TABLE IF EXISTS `autor`;
CREATE TABLE `autor` (
  `CD_AUTOR` int(11) NOT NULL AUTO_INCREMENT,
  `NM_AUTOR` varchar(45) DEFAULT NULL,
  PRIMARY KEY (`CD_AUTOR`)
) ENGINE=InnoDB AUTO_INCREMENT=14 DEFAULT CHARSET=utf8;

--
-- Dumping data for table `autor`
--

/*!40000 ALTER TABLE `autor` DISABLE KEYS */;
INSERT INTO `autor` (`CD_AUTOR`,`NM_AUTOR`) VALUES 
 (1,'Jessica Nunes'),
 (2,'Juliana Diógenes'),
 (3,'Priscila Mengue'),
 (4,'Ana Paula Niederauer'),
 (5,'Cleusa Duarte'),
 (6,'O Estado de S. Paulo'),
 (7,'Micael Cid'),
 (8,'Alberto Akel'),
 (9,'Douglas Rodrigues Aguiar de Oliveira'),
 (10,'Lucas Rosa'),
 (11,'Thiago Bertazzi'),
 (12,'Luiz Maklouf Carvalho'),
 (13,'Ludimila Honorato');
/*!40000 ALTER TABLE `autor` ENABLE KEYS */;


--
-- Definition of table `autor_noticia`
--

DROP TABLE IF EXISTS `autor_noticia`;
CREATE TABLE `autor_noticia` (
  `CD_AUTOR` int(11) NOT NULL AUTO_INCREMENT,
  `CD_NOTICIA` int(11) NOT NULL DEFAULT '0',
  PRIMARY KEY (`CD_NOTICIA`,`CD_AUTOR`),
  KEY `FK_NA_AUTOR` (`CD_AUTOR`),
  CONSTRAINT `FK_NA_AUTOR` FOREIGN KEY (`CD_AUTOR`) REFERENCES `autor` (`CD_AUTOR`),
  CONSTRAINT `FK_NA_NOTICIA` FOREIGN KEY (`CD_NOTICIA`) REFERENCES `noticia` (`CD_NOTICIA`)
) ENGINE=InnoDB AUTO_INCREMENT=14 DEFAULT CHARSET=utf8;

--
-- Dumping data for table `autor_noticia`
--

/*!40000 ALTER TABLE `autor_noticia` DISABLE KEYS */;
INSERT INTO `autor_noticia` (`CD_AUTOR`,`CD_NOTICIA`) VALUES 
 (1,1),
 (1,11),
 (1,17),
 (2,4),
 (3,2),
 (4,3),
 (5,5),
 (6,6),
 (6,12),
 (6,14),
 (6,15),
 (6,26),
 (6,27),
 (8,16),
 (9,18),
 (11,19),
 (12,20),
 (13,28);
/*!40000 ALTER TABLE `autor_noticia` ENABLE KEYS */;


--
-- Definition of table `banner`
--

DROP TABLE IF EXISTS `banner`;
CREATE TABLE `banner` (
  `CD_BANNER` int(11) NOT NULL AUTO_INCREMENT,
  `NM_EMPRESA_ANUNCIANTE_BANNER` varchar(45) DEFAULT NULL,
  `IC_ATIVO_BANNER` tinyint(1) DEFAULT NULL,
  `DT_PUBLICACAO_BANNER` date DEFAULT NULL,
  `HR_PUBLICACAO_BANNER` time DEFAULT NULL,
  `NM_LINK_BANNER` varchar(255) DEFAULT NULL,
  PRIMARY KEY (`CD_BANNER`)
) ENGINE=InnoDB AUTO_INCREMENT=11 DEFAULT CHARSET=utf8;

--
-- Dumping data for table `banner`
--

/*!40000 ALTER TABLE `banner` DISABLE KEYS */;
INSERT INTO `banner` (`CD_BANNER`,`NM_EMPRESA_ANUNCIANTE_BANNER`,`IC_ATIVO_BANNER`,`DT_PUBLICACAO_BANNER`,`HR_PUBLICACAO_BANNER`,`NM_LINK_BANNER`) VALUES 
 (5,'Self UP',1,'2017-09-27','11:53:11','http://www.selfup.com.br'),
 (7,'Nutrigana',1,'2017-09-27','12:05:27','http://www.nutrigana.com.br'),
 (8,'Nutrigana',1,'2017-09-30','12:43:07','http://www.nutrigana.com.br'),
 (9,'Bubble PDF',1,'2017-09-30','12:43:50','http://www.bubblepdf.com.br'),
 (10,'Self UP',1,'2017-09-30','12:44:47','http://www.selfup.com.br');
/*!40000 ALTER TABLE `banner` ENABLE KEYS */;


--
-- Definition of table `categoria`
--

DROP TABLE IF EXISTS `categoria`;
CREATE TABLE `categoria` (
  `CD_CATEGORIA` int(11) NOT NULL AUTO_INCREMENT,
  `NM_CATEGORIA` varchar(24) DEFAULT NULL,
  PRIMARY KEY (`CD_CATEGORIA`)
) ENGINE=InnoDB AUTO_INCREMENT=9 DEFAULT CHARSET=utf8;

--
-- Dumping data for table `categoria`
--

/*!40000 ALTER TABLE `categoria` DISABLE KEYS */;
INSERT INTO `categoria` (`CD_CATEGORIA`,`NM_CATEGORIA`) VALUES 
 (1,'Ciência'),
 (2,'Tecnologia'),
 (3,'Brasil'),
 (4,'Internacional'),
 (5,'Política'),
 (6,'Economia'),
 (7,'Esporte'),
 (8,'Cultura');
/*!40000 ALTER TABLE `categoria` ENABLE KEYS */;


--
-- Definition of table `noticia`
--

DROP TABLE IF EXISTS `noticia`;
CREATE TABLE `noticia` (
  `CD_NOTICIA` int(11) NOT NULL AUTO_INCREMENT,
  `NM_TITULO_NOTICIA` varchar(80) DEFAULT NULL,
  `NM_LINHA_FINA_NOTICIA` varchar(150) DEFAULT NULL,
  `DS_TEXTO_NOTICIA` text,
  `DT_PUBLICACAO_NOTICIA` date DEFAULT NULL,
  `HR_PUBLICACAO_NOTICIA` time DEFAULT NULL,
  `IC_DESTAQUE_NOTICIA` tinyint(1) DEFAULT NULL,
  `CD_CATEGORIA` int(11) DEFAULT NULL,
  PRIMARY KEY (`CD_NOTICIA`),
  KEY `FK_CATEGORIA` (`CD_CATEGORIA`),
  CONSTRAINT `FK_CATEGORIA` FOREIGN KEY (`CD_CATEGORIA`) REFERENCES `categoria` (`CD_CATEGORIA`)
) ENGINE=InnoDB AUTO_INCREMENT=29 DEFAULT CHARSET=utf8;

--
-- Dumping data for table `noticia`
--

/*!40000 ALTER TABLE `noticia` DISABLE KEYS */;
INSERT INTO `noticia` (`CD_NOTICIA`,`NM_TITULO_NOTICIA`,`NM_LINHA_FINA_NOTICIA`,`DS_TEXTO_NOTICIA`,`DT_PUBLICACAO_NOTICIA`,`HR_PUBLICACAO_NOTICIA`,`IC_DESTAQUE_NOTICIA`,`CD_CATEGORIA`) VALUES 
 (1,'O Mistério dos Buracos Negros','Buracos negros soam muito estranhos para serem reais. Mas eles são bastante comuns no espaço.','Imagine, em algum lugar da galáxia, o cadáver de uma estrela tão densa que perfura o tecido do espaço-tempo.<br>	 Tão denso que devora qualquer matéria circundante que fique muito perto, puxando-a com uma quantidade de gravidade da qual nada,<br>	 nem mesmo a luz, pode escapar.<br>	 E uma vez que a matéria cruza o ponto sem retorno, o horizonte de eventos, ela espirala sem esperanças em direção a um ponto quase <br>	 infinitamente pequeno, um ponto em que o espaço-tempo é tão curvado que todas as nossas teorias se quebram:<br>	 a singularidade. Ninguém sai vivo. Buracos negros soam muito estranhos para serem reais. Mas eles são bastante comuns no espaço. Há dezenas conhecidos e provavelmente outros milhões na Via Láctea e um bilhão de vezes mais universo a fora. Os cientistas também acreditam que pode haver um buraco negro supermassivo no centro de quase todas as galáxias, inclusive da nossa. Os ingredientes e as dinâmicas dessas aberrações monstruosas do espaço-tempo têm confundido cientistas há séculos. Tudo começou na Inglaterra em 1665, quando uma maçã soltou do ramo de uma árvore e caiu no chão. Assistindo de seu jardim em Woolsthorpe Manor, Isaac Newton começou a pensar na queda da maçã: uma linha de pensamento que, duas décadas depois, terminou com sua conclusão de que deveria haver algum tipo de força universal regendo o movimento de maçãs, balas de canhão e até corpos planetários. Ele a chamou de gravidade.<br><br>Newton percebeu que qualquer objeto com massa teria uma atração gravitacional. Ele descobriu que, à medida que a massa aumenta, a gravidade aumenta. Para escapar da gravidade de um objeto, você precisaria alcançar sua velocidade de escape. Para escapar da gravidade da Terra, você precisa viajar a uma velocidade de aproximadamente 11 quilômetros por segundo.<br><br>Foi a descoberta de Newton das leis da gravidade e do movimento que, 100 anos depois, levaram o Reverendo John Michell, um polêmico britânico, à conclusão de que, se houvesse uma estrela muito mais massiva ou muito mais compacta que o Sol, sua velocidade de escape poderia superar até mesmo a velocidade da luz. Ele chamou esses objetos de “estrelas escuras”. Doze anos depois, o cientista francês e matemático Pierre Simon de Laplace chegou à mesma conclusão e ofereceu provas matemáticas para a existência do que agora conhecemos como buracos negros.<br><br>Em 1915, Albert Einstein estabeleceu a teoria revolucionária da relatividade geral, que considerava espaço e tempo como um objeto curvado de quatro dimensões. Ao invés de ver a gravidade como uma força, Einstein viu isso como uma distorção do espaço-tempo em si. Um objeto massivo, como o Sol, criaria um entalhe no espaço-tempo, um poço gravitacional, fazendo com que qualquer objeto circundante, como os planetas em nosso sistema solar, seguisse um caminho curvo ao redor.<br><br>Um mês depois que Einstein publicou essa teoria, o físico alemão Karl Schwarzschild descobriu algo fascinante nas equações de Einstein. Schwarzschild encontrou uma solução que levou os cientistas a concluir que uma região do espaço poderia ficar tão distorcida que criaria um poço gravitacional que nenhum objeto poderia escapar.<br><br>Até 1967, essas misteriosas regiões do espaço-tempo não receberam um título universal. Os cientistas lançaram termos como “colapsar” ou “estrela congelada” ao discutir as tramas escuras da gravidade inescapável. Em uma conferência em Nova York, o físico John Wheeler popularizou o termo “buraco negro”. Durante a formação da estrela, a gravidade comprime a matéria até ser interrompida pela pressão interna da estrela. Se a pressão interna não interromper a compressão, isso pode resultar na formação de um buraco negro.<br><br>Alguns buracos negros são formados quando as estrelas massivas colapsam. Outros, acreditam os cientistas, foram formados muito cedo no universo, um bilhão de anos depois do Big Bang. Não há limites para o quão imenso pode ser um buraco negro, às vezes mais de bilhões de vezes a massa do Sol. De acordo com a relatividade geral, também não há limite para o quão pequeno eles podem ser (embora a mecânica quântica sugira o contrário). Os buracos negros crescem em massa enquanto continuam a devorar a matéria circundante. Pequenos buracos negros roubam a matéria de uma estrela companheira enquanto os maiores se alimentam de qualquer matéria que esteja muito próxima.<br><br>Os buracos negros contêm um horizonte de eventos, além do qual nem mesmo a luz pode escapar. Pelo fato de nenhuma luz conseguir sair, é impossível ver além dessa superfície de um buraco negro. Mas só porque você não pode ver um buraco negro, não significa que você não possa detectar um.<br><br>Os cientistas podem detectar buracos negros observando o movimento de estrelas e gás nas proximidades, bem como a matéria acrescida dos arredores. Esta matéria gira em torno do buraco negro, criando um disco plano chamado disco de acreção. A matéria que gira perde energia e libera a radiação sob a forma de raios-X e outras radiações eletromagnéticas antes de passar pelo horizonte de eventos.<br><br>É assim que os astrônomos identificaram Cygnus X-1 em 1971. Cygnus X-1 foi encontrado como parte de um sistema de estrela binária em que uma estrela extremamente quente e brilhante chamada supergigante azul formou um disco de acreção em torno de um objeto invisível. O sistema de estrela binária estava emitindo raios-X, que geralmente não são produzidos por supergigantes azuis. Ao calcular quão longe e rápido a estrela visível se movia, os astrônomos conseguiram calcular a massa do objeto não visto. Embora tenha sido comprimido em um volume menor que a Terra, a massa do objeto era mais que seis vezes maior que a do nosso Sol.<br><br>Vários experimentos diferentes estudam buracos negros. O telescópio Event Horizon examinará os buracos negros no núcleo da nossa galáxia e uma galáxia próxima, M87. Sua resolução é alta o suficiente para gerar fluxo de imagem em torno do horizonte de eventos.<br><br>Os cientistas também podem fazer o mapeamento de reverberação, que usa telescópios de raios-X para procurar diferenças horárias entre as emissões de vários locais perto do buraco negro para entender as órbitas de gás e fótons ao redor dele.<br><br>O Laser Interferometer Gravitational-Wave Observatory, ou LIGO, procura identificar a fusão de dois buracos negros, que emitem radiação gravitacional, ou ondas gravitacionais, à medida que os dois buracos negros se fundem.<br><br>Além dos discos de acreção, os buracos negros também têm ventos e jatos incrivelmente brilhantes que irrompem deles ao longo de seu eixo de rotação, disparando matéria e radiação em quase a velocidade da luz. Os cientistas ainda estão trabalhando para entender como esses jatos se formam. Os cientistas descobriram que os buracos negros não são tão negros como eles pensavam que eram. Algumas informações podem escapar deles. Em 1974, Stephen Hawking publicou resultados que mostraram que os buracos negros devem irradiar energia ou radiação Hawking.<br><br>Os pares de matéria-antimatéria são constantemente produzidos em todo o universo, mesmo fora do horizonte de eventos de um buraco negro. A teoria quântica prediz que uma partícula pode ser arrastada antes que o par tenha chance de a aniquilar, e a outra pode escapar sob a forma de radiação Hawking. Isso contradiz a imagem que a relatividade geral cria de um buraco negro de onde nada pode escapar.<br><br>Mas como um buraco negro irradia radiação Hawking, ele evapora lentamente até desaparecer. Então, o que acontece com todas as informações codificadas em seu horizonte? Ela desaparece, violando a mecânica quântica? Ou é preservada, como a mecânica quântica prevê? Uma das teorias é que a radiação Hawking contém toda essa informação. Quando o buraco negro evapora e desaparece, já preservou a informação de tudo o que caiu nele, irradiando-a para o universo.<br><br>Os buracos negros dão aos cientistas a oportunidade de testar a relatividade geral em campos gravitacionais muito extremos. Eles veem os buracos negros como uma oportunidade para responder a uma das maiores questões na teoria da física de partículas: por que não podemos unir a mecânica quântica com a relatividade geral?<br><br>Além do horizonte de eventos, os buracos negros se encaminham para um dos mistérios mais sombrios da física. Os cientistas não podem explicar o que acontece quando os objetos atravessam o horizonte de eventos e a espiralam em direção à singularidade. A relatividade geral e a mecânica quântica colidem e as equações de Einstein explodem no infinito. Os buracos negros podem até abrigar caminhos para outros universos chamados de buracos de minhoca e fontes violentas de energia e matéria chamadas buracos brancos, embora pareça muito improvável que a natureza permita que essas estruturas existam.<br><br>Às vezes, a realidade é mais estranha do que a ficção.','2017-09-30','12:31:15',0,1),
 (2,'Barco naufraga com 129 pessoas na Bahia; cinco corpos foram localizados','Embarcação virou no início da manhã desta quinta-feira, 24, próximo à Ilha de Itaparica; até 10 horas, 21 passageiros haviam sido resgatados','Uma embarcação naufragou na manhã desta quinta-feira, 24, próximo à Ilha de Itaparica, na localidade de Mar Grande, na Bahia. Segundo o comandante Flávio Almeida, do 2º Distrito Naval, 129 pessoas estavam na embarcação. Até as 10h30, ao menos cinco corpos foram resgatados sem vida, de acordo com Almeida. Uma das vítimas foi transportada para o Hospital do Subúrbio, em Salvador. <br><br>A embarcação Cavalo Marinho tinha capacidade para levar até 162 passageiros. O acidente ocorreu a poucos metros do Terminal marítimo. O chamado de emergência para a Capitania foi recebido através do rádio por volta das 8 horas.<br><br>De acordo com a Prefeitura de Vera Cruz, a lancha saiu do terminal da Ilha por volta das 6h30 com destino a Salvador e naufragou a cerca de 200 metros do Terminal.<br><br>A Polícia Militar foi acionada e atuou por meio do Grupamento Aéreo (Graer) e da 5ª Companhia Independente de Polícia Militar (CIPM/Ilha de Vera Cruz), que  também já prestou socorro a algumas vítimas para a Unidade de Pronto Atendimento (UPA) de Mar Grande e ao Hospital Geral de Itaparica.<br><br>Segundo a Secretaria de Segurança Pública da Bahia, dois helicópteros da Polícia Militar da Bahia foram enviados ao local, assim como ambulâncias do Corpo de Bombeiros. Além disso, uma equipe de mergulhadores também está à caminho. Ainda de acordo com a secretaria, um chamado sobre o incidente, pelo 190, foi aberto às 6h30 desta manhã.<br><br>\"Assim que recebemos uma chamada de emergência por rádio, enviamos três embarcações de resgate com médico a bordo e todos as equipes para prestar socorro\", afirmou o oficial da Marinha, Jean Torres Araújo.<br><br>A avaliação da lancha será feita pela Marinha. Ela analisará a regularização da embarcação e se operava com número de passageiros acima do permitido. Por conta disso, a Secretaria de Segurança Pública informou que um inquérito será aberto para que as causas do acidente sejam apuradas.<br><br>O governador da Bahia, Rui Costa (PT), e o prefeito de Salvador, ACM Neto (DEM), postaram notas de pesar em suas respectivas contas nas redes sociais. \"Todas as forças do Governo do Estado estão mobilizadas para dar assistência e prestar socorro às vítimas. Estou acompanhando pessoalmente esta difícil operação desde cedo e todas as providências foram tomadas imediatamente, com o reforço dos nossos efetivos nas áreas da segurança e da saúde pública\", escreveu o governador.<br><br>\"Todos os órgãos da Prefeitura estão envolvidos para ajudar nessa hora difícil. Uma equipe de psicólogos e assistentes da Secretaria Municipal de Promoção Social e Combate à Pobreza está no local para prestar atendimento social e psicológico. Também mobilizamos 5 ambulâncias do Samu (2 em Mar Grande e 3 em Salvador) e mais uma \"ambulancha\" para prestar socorro. As UPAs estão preparadas para atender às vítimas.\", informou ACM Neto.','2017-09-24','23:41:44',0,3),
 (3,'Tempestade Harvey deixa 5 mortos e inunda diversas áreas do Texas','O Serviço Meteorológico Nacional dos EUA (NWS) emitiu um alerta afirmando que ‘as condições climáticas estão além de tudo já experimentado’','HOUSTON, EUA - Depois de ter devastado o litoral do Texas, a tempestade Harvey inundou o interior do Estado, incluindo sua principal cidade, Houston. O Serviço Meteorológico Nacional dos EUA (NWS) emitiu um alerta neste domingo, 27, sobre a força das águas após a passagem do fenômeno, afirmando que \"as condições climáticas estão além de tudo já experimentado\".<br><br>O furacão, que se enfraqueceu no sábado e se transformou em uma tempestade tropical, deixou pelo menos cinco mortos e dezenas de feridos, segundo NWS. Uma das vítimas morreu ao ficar presa no incêndio de sua casa durante a tempestade na região de Rockport, segundo uma fonte do condado de Aransas, no litoral texano. Em Houston, uma mulher se afogou ao deixar seu carro em uma área inundada, de acordo com a imprensa local.<br><br>“Esse evento é sem precedentes e todos os impactos são desconhecidos e além de tudo já experimentado. Sigam as ordens oficiais para garantir sua segurança\", disse o NWS no Twitter. Os serviços de emergência da capital petroleira dos EUA enviaram mais cedo uma mensagem muito clara: \"Se estão fugindo de uma inundação, não fiquem no sótão como último recurso. Se os andares mais altos de seu prédio se tornarem perigosos, subam para o telhado e chamem o 911 para obter ajuda\".<br><br>\"A situação é grave e vai piorar\", afirmou o governador do Texas, Greg Abbott, à Fox News. Ele disse ainda que os danos causados chegam a milhões de dólares.<br><br>O Harvey deixou estradas submersas, casas sem telhados e postes arrancados. Em Port Aransas, abandonado por seus habitantes, vários barcos foram parar no meio das ruas. O principal aeroporto de Houston, o George Bush International, cancelou todos seus voos, assim como o Hobby International, em razão da quantidade de água nas pistas.<br><br>A região de Houston/Galveston recebeu mais de 60 cm de chuva nas últimas 24 horas, segundo o NWS, que acrescentou que as \"inundações catastróficas vão piorar e poderão ser históricas\". Segundo o mais recente boletim do Centro Nacional de Furacões (NHC), entre 38 e 63 cm de chuva cairão na região até quinta-feira.<br><br>A Guarda Costeira, que socorreu cerca de 30 pessoas, disse ter recebido mais de 300 ligações da área de Houston. Com suas ruas transformadas em rios, as autoridades da cidade de 2,3 milhões de habitantes pediram que a população permaneça em suas casas.<br><br>\"Não posso ser mais claro sobre a amplitude das inundações nas ruas. Se saírem, vocês se colocam em perigo e a nossas equipes de resgate\", advertiu em um tuíte o chefe da polícia de Houston, Art Acevedo.<br><br>Milhares de pessoas obedeceram aos avisos de deslocamento. Segundo a Cruz Vermelha americana, mais de 1,8 mil pessoas se encontram em 35 abrigos no Texas e Louisiana.<br><br>Em Port Aransas, uma das primeiras cidades atingidas, os barcos foram jogados contra edifícios. Em Victoria, uma localidade ao norte de Rockport, os habitantes ficaram chocados pela intensidade da tempestade. \"Se soubesse que ia ser assim, certamente teria ido embora\", afirmou Robby Villa.<br><br>O presidente dos EUA, Donald Trump, que já declarou estado de catástrofe natural para liberar fundos federais para atuar ante os danos causados pelo Harvey, confirmou que vai em breve visitar o Estado atingido. \"Irei ao Texas tão logo a viagem possa ser feita sem causar nenhum transtorno. O foco deve ser na vida e na segurança\", tuitou neste domingo o presidente.<br><br>Trump, que não quer repetir a reação tardia de George W. Bush com o furacão Katrina - que deixou 1,8 mil mortos em New Orleans em 2005 -, também elogiou os esforços feitos pelas equipes de emergência.','2017-09-24','23:44:04',0,4),
 (4,'Uber perde licença para operar em Londres','Companhia tem 21 dias para recorrer da decisão, que passa a valer no dia 1 de outubro, caso não haja continuidade no processo','A agência que regula os transportes de Londres, a Transport for London (TfL), não renovou a licença de operação do aplicativo Uber na cidade, sob a alegação de que a empresa não está apta a prestar um serviço de transporte. A partir do dia 1 de outubro, a companhia não poderá operar na cidade.<br><br>O Uber se pronunciou dizendo que vai recorrer imediatamente. A empresa tem 21 dias para contestar a decisão, mas pode continuar a oferecer seus serviços em Londres enquanto o processo estiver aberto. A capital inglesa é um dos maiores mercados do serviço de caronas compartilhadas, com mais de 3,5 milhões de usuários. <br><br>Tom Elvidge, diretor do Uber em Londres, disse que o Uber vai recorrer, defendendo os mais de 40 mil motoristas que usam o serviço como forma de sustento. “Para defender nossos milhares de motoristas e a liberdade de escolha dos consumidores londrinos que usam nosso app, pretendemos contestar a decisão imediatamente nos tribunais”, disse.<br><br>De acordo com o TfL, o Uber é irresponsável com a segurança e proteção pública de seus clientes. Para agência, a empresa falha em sua abordagem para reportar delitos criminais graves, como estupro, e também conduz o processo de verificação de antecedentes criminais e de certificados médicos de maneira duvidosa. Além disso, segundo a TfL, o uso do software Greyball, que impede que agências regulatórias vejam o app da Uber completamente, é um problema em Londres. <br><br>A decisão foi apoiada pelo prefeito de Londres Sadiq Khan, por ativistas de direitos trabalhistas e pelo órgão dos motoristas de táxi da capital, que se opuseram à instalação da empresa norte-americana desde o início. No entanto, motoristas e usuários do serviço protestaram contra a medida, bem como Greg Hands, o secretário de comércio da cidade. <br><br>O veredito da TfL segue o histórico de um processo trabalhista que foi aberto no ano passado contra o Uber. Em agosto, a agência anunciou ter recebido uma carta da polícia metropolitana de Londres relatando preocupações sobre com a empresa de transporte por aplicativo, que não havia reportado três casos de assédio sexual e de violência entre motoristas e passageiros da empresa. <br><br>Na época, o Uber negou que seus serviços ameaçassem a segurança dos passageiros e disse que seguia as regras regulatórias impostas pela TfL. A agência, no entanto, avisou que a carta pesaria na sua decisão de fornecer outra licença de cinco anos para que a empresa operasse em Londres.','2017-09-24','23:48:02',0,2),
 (5,'Juiz nega liberação de R$ 1,6 mi a Palocci','Defesa do ex-ministro pediu o desbloqueio dos valores alegando a necessidade de pagamento de impostos','O juiz federal Sérgio Moro negou a liberação de R$ 1,6 milhão ao ex-ministro Antonio Palocci. A defesa requeria o desbloqueio dos valores com o fim de pagar impostos que estão sendo sobrados sobre fundos bloqueados de seu cliente pela Receita Federal. A força-tarefa da Lava Jato deu parecer desfavorável à solicitação sob o argumento de que o ministro tem R$ 128 milhões confiscados pela Justiça para recuperar ‘valores auferidos ilicitamente’.<br>Palocci está preso desde setembro de 2016, no âmbito da Operação Omertà, 35ª fase da Lava Jato, quando o ministro ainda era investigado por favorecer a Odebrecht em troca de propinas. Atualmente, ele está condenado a 12 anos e 2 meses de prisão por propinas de US$ 10,2 milhões de contratos da Petrobrás pagas aos marqueteiros petistas João Santana e Mônica Moura sob a supervisão do ex-ministro.<br>Naquela condenação, Moro já falava sobre uma suposta conta de propinas da Odebrecht de R$ 200 milhões com Palocci. Recentemente, confessou ter recebido os valores e ainda incriminou o ex-presidente Lula alegando ter conhecimento da participação do petista em esquemas de corrupção envolvendo a empreiteira.<br><br>Além de ver US$ 10,2 milhões confiscados na sentença de sua condenação, o ex-ministro continua sendo alvo de um bloqueio de R$ 128 milhões da época de seu encarceramento preventivo, em 2016.','2017-09-24','23:56:23',0,5),
 (6,'Com perda de usinas, Cemig será forçada a focar em distribuição','Governo conta com a licitação para arrecadar R$ 11 bilhões e cumprir a meta fiscal','BRASÍLIA - Após uma batalha judicial que começou há quatro anos, a Cemig está prestes a perder o controle de algumas de suas principais usinas hidrelétricas. O momento não poderia ser mais crítico para a companhia. Após anos de expansão, a empresa sofrerá um corte nos ganhos com geração de energia e, segundo especialistas, terá de garantir sua rentabilidade com a distribuição de eletricidade dentro de Minas Gerais.<br><br>Na semana passada, a União conseguiu derrubar na Justiça todas as liminares que impediam o leilão das usinas de Jaguara, São Simão, Miranda e Volta Grande, marcado para esta quarta-feira. O governo conta com a licitação para arrecadar R$ 11 bilhões e cumprir a meta fiscal. A Cemig corre contra o tempo para adiar a disputa e conseguir um financiamento.<br>A briga começou em 2012, quando a ex-presidente Dilma Rousseff anunciou o programa de redução da conta de luz, que cortou as tarifas em 20% para o consumidor. A Cemig não aceitou as condições do governo, pois a energia produzida pelas usinas não seria mais vendida a preços de mercado e passaria a ser remunerada apenas para cobrir custos de operação e manutenção (regime de cotas).<br>Desde o início das discussões, a Cemig alega que o contrato das usinas de Jaguara, São Simão e Miranda continha cláusulas que previam uma renovação automática das concessões por mais 20 anos, sem redução de receitas. Já o governo argumentou que essa prorrogação não era uma obrigação, mas sim uma opção.<br><br>Não é à toa que a Cemig tem brigado tanto para ficar com as usinas. Juntas, essas hidrelétricas representam 36% do parque gerador da companhia. Mais do que isso, as usinas foram uma enorme fonte de receitas para a empresa.<br><br>Desde 2013, a energia dessas usinas passou a ser comercializada pela empresa a preços de mercado. O período coincidiu com uma das piores secas da história do País, o que fez com que a energia atingisse o preço de R$ 822,83 por megawatt-hora (MWh) em algumas semanas de 2014, rendendo cifras bilionárias para a companhia.<br><br>Quando o STJ derrubou a liminar que mantinha a usina de São Simão sob seu controle, em setembro de 2015, as receitas da Cemig com transações no mercado à vista despencaram – de R$ 2,4 bilhões para R$ 161 milhões em 2016. Desde então, a empresa tem operado as usinas com liminares. Ao mesmo tempo, o nível de endividamento da companhia dobrou. A queda de receitas deve se aprofundar neste ano. Em abril, as usinas de Jaguara e Miranda também passaram a adotar o regime de cotas.<br><br>Para reduzir o endividamento, a Cemig anunciou em junho a intenção de vender R$ 6,5 bilhões em ativos, como a distribuidora Light, participações nas hidrelétricas de Santo Antônio e Belo Monte e empresas como Taesa e Renova.<br>Investimentos. Analistas e especialistas do setor elétrico apontam algumas das razões que levaram a empresa a uma situação tão desfavorável. Para o professor Nivalde de Castro, coordenador do Grupo de Estudos do Setor Elétrico (Gesel) da UFRJ, o fato de a construtora Andrade Gutierrez ser uma das principais acionistas levou a Cemig a investimentos questionáveis, como Santo Antônio e Belo Monte. A construtora anunciou que vai vender a participação na companhia.<br><br>“A Andrade Gutierrez tinha o direito de indicar a diretoria de Novos Negócios da Cemig, e esses investimentos podiam ser feitos sem aprovação da diretoria. Isso era de interesse da construtora, e não da Cemig”, afirmou Castro. Procurada, a Andrade Gutierrez não comentou.<br><br>De acordo com o presidente do Instituto Acende Brasil, Claudio Sales, estudos realizados pela entidade mostram que o desempenho das estatais do setor elétrico é sempre muito pior que o das empresas privadas, não apenas pelo desvio de função, mas também pela burocracia inerente ao setor púbico. “A Cemig é mais um exemplo nefasto do uso político de estatais”, afirma Sales.<br><br>“Para qualquer empresa, é complicado ter um controlador financeiramente frágil. É o caso de Minas Gerais e de outros Estados do País, que gerenciam suas empresas de forma a serem grandes geradoras de dividendos”, diz o pesquisador sênior do Gesel da UFRJ, Roberto Brandão.<br><br>O presidente da consultoria Thymos Energia, João Carlos Mello, acredita que a companhia terá um novo perfil. “Será uma nova empresa, menor. E terá de se reformular e se adaptar a margens de lucro menores na geração.”','2017-09-24','23:58:36',0,6),
 (11,'Existem canais de comunicação óptica em nossos cérebros?','Isso poderia ser uma insinuação radical, mas uma insinuação com mais do que pequenas evidências e que vale a pena seguirmos a partir delas.','Muitos organismos produzem luz para se comunicar, atrair companheiros e assim por diante. Há vinte anos, os biólogos descobriram que os cérebros de ratos também produzem fótons em certas circunstâncias. A luz é fraca e difícil de detectar, mas os neurocientistas ficaram surpresos ao encontrá-la.<br><br>Desde então, o número de evidências cresceu. Os chamados biofótons parecem ser produzidos naturalmente no cérebro e em outros lugares pela decomposição de certas espécies moleculares agitadas eletronicamente. Os cérebros de mamíferos produzem biofótons com um comprimento de onda entre 200 e 1.300 nanômetros, ou seja, do próximo do infravermelho ao ultravioleta.<br><br>Se as células do cérebro naturalmente produzem biofótons, é natural perguntar se a natureza pode ter aproveitado esse processo para transmitir informações. Para que isso aconteça, os fótons devem ser transmitidos de um lugar para outro, e isso requer algum tipo de guia de ondas, como uma fibra óptica. Então, que estrutura biológica poderia desempenhar essa função?<br><br>Hoje, obtemos uma resposta do tipo graças ao trabalho de Parisa Zarkeshian na Universidade de Calgary no Canadá e alguns colegas. Eles estudaram as características ópticas dos axônios, as partes longas de células nervosas, e concluíram que a transmissão de fótons em distâncias de centímetros parece ser totalmente possível dentro do cérebro.<br><br>O trabalho é uma revisão de experimentos anteriores e estudos sobre axônios. A equipe primeiro analisou um estudo que calculou as propriedades ópticas dos axônios mielinizados ao resolver as famosas equações eletromagnéticas de Maxwell em três dimensões para determinar as propriedades ópticas da célula.<br><br>Este estudo sugere que o revestimento externo do axônio – sua bainha de mielina – pode agir como um guia de ondas para canalizar os biofótons. Mas também sugere que uma ampla gama de fatores podem influenciar esse fenômeno pela dispersão ou absorção da luz.<br><br>Esses fatores incluem como a transmissão de luz é afetada por curvas no axônio, por mudanças no raio da bainha, por cortes transversais não-circulares, e assim por diante.<br><br>Zarkeshian e sua equipe concluíram que axônios com comprimentos de cerca de 2 milímetros – o mesmo comprimento dos axônios no cérebro – poderiam transmitir entre 46% e 96% dos biofótons que entram nele. “Vale a pena notar que os fótons podem se propagar em ambas as direções: do terminal axônico até a protuberância do axônio ou na direção oposta, ao longo do axônio.”<br><br>A equipe continua calculando o nível de comunicação de dados que isso permite. Os biólogos avaliaram os biofótons produzidos por cérebros de ratos em uma taxa de um fóton por neurônio por minuto. Embora isso não pareça muito, existem 10¹¹ neurônios em um cérebro humano, o que sugere que poderia produzir mais de um bilhão de fótons por segundo.<br><br>“Este mecanismo parece ser suficiente para facilitar a transmissão de um grande número de informações, ou mesmo permitir a criação de uma grande quantidade de emaranhamento quântico”, diz Zarkeshian e sua equipe.<br><br>Claro, existem inúmeras incertezas nesses cálculos. Ninguém conhece as propriedades ópticas precisas das bainhas de mielina, por exemplo, porque nunca foram medidas.<br><br>A melhor maneira de descobrir mais é testar as propriedades de transmissão óptica do tecido cerebral. Zarkeshian e sua equipe sugerem uma série de experiências diretas que traria progresso para essa área. “Uma maneira é iluminar uma extremidade de uma fatia de cérebro fino e procurar os pontos brilhantes relacionados às extremidades abertas dos axônios mielinizados na outra extremidade”, disseram. Existem várias outras abordagens também. Isso é algo que um neurocientista com tempo em suas mãos poderia trabalhar.<br><br>Tudo isso aponta para um enigma maior. Se nossos cérebros possuírem canais de comunicação óptica, para que servem? Esta é uma questão que está amadurecendo para uma especulação mais ousada.<br><br>Uma linha de pensamento baseia-se no fato de que os fótons são bons portadores da informação quântica. Muitas pessoas teorizaram que os processos quânticos podem estar por trás de alguns dos sistemas mais misteriosos do cérebro, entre os quais a própria consciência em questão. Zarkeshian e sua equipe estão claramente intrigados com essa ideia.<br><br>Mas isso não passa de especulações apressadas. A comunicação quântica requer significativamente mais do que os canais de comunicação óptica. Também devem haver mecanismos que possam codificar, receber e processar informações quânticas. É possível que moléculas sensíveis à luz existam no cérebro, mas há pouca evidência para isso e ainda menos de que elas servem como processadores quânticos.<br><br>Ainda assim, esse tipo de pensamento é eletrizante e vale a pena perseguir em um nível básico. Se a natureza produz biofótons, a evolução pode ter encontrado uma maneira de explorá-los. A questão é “como?”.<br><br>Referência: arxiv.org/abs/1708.08887: “Are There Optical Communication Channels in the Brain?”','2017-09-25','15:05:44',0,1),
 (12,'Milton Nascimento lança livro com histórias de canções','Organizado pelo jornalista Danilo Nuha, &#39;Letras, Histórias e Canções&#39; terá tarde de autógrafos no domingo','Milton Nascimento abriu o livro que chegou às suas mãos sem crer muito no que via, segundo suas próprias palavras. “De tudo o que eu vi, foi algo dos mais bonitos, fiquei emocionado.” Suspeito para falar sobre uma publicação que leva seu nome e sua imagem na capa, ele não parece fazer média em causa própria. “Vi minha história ali, nas canções, nas imagens. Foi algo que mexeu muito comigo.”<br><br>A publicação tem o título de Milton Nascimento – Letras, Histórias e Canções, que sai pela Editora Master Books e tem a organização de seu assessor de imprensa, o jornalista Danilo Nuha. O ineditismo de algumas fotos, sobretudo de arquivo pessoal, e alguns documentos revelados ali, como um Certificado de Aprovação do Curso Primário de 1953 da Secretaria de Educação de Minas Gerais, pertencem a um Milton bituquinha de 9 anos, que aparece em uma foto do livro de bermuda e paletó curto para seu tamanho.<br><br>“Essa documentação existe graças à minha mãe, que sempre guardou tudo”, diz ele, agradecido a Lilia Campos, sua mãe adotiva. “Quando fui fazer uma música para ela, nos anos 70, não havia palavras que pudessem descrever o que eu sentia por aquela mulher. Por isso a música (chamada Lilia) ficou instrumental.” Danilo Nuha foi quem descobriu um material farto colocado em sacos plásticos na casa de Lilia, depois de sua morte. “Eles estavam lá, sem destino. Havia muita coisa, cerca de três mil fotos e muita documentação da vida de Milton. Infelizmente, não pude usar tudo o que queria no livro porque não sabíamos quem eram os fotógrafos e não tínhamos autorização para publicá-las”, lamenta.<br><br>O charme maior da publicação, no entanto, está na história das canções. É por elas que se descobre um pouco mais de um artista que tem uma relação com a criação muito diferente de seus parceiros. “Desde que fiquei trancado um dia inteiro em um cinema com o Márcio Borges, assistindo ao filme Jules et Jim, de François Truffaut (isso em sua adolescência, em Belo Horizonte), resolvi fazer música como se estivesse criando um filme. Ela tem imagens como uma história de cinema”, diz Milton, antecipando uma das passagens do livro. “Depois desse dia em que vimos o mesmo filme por quatro sessões seguidas, fui para casa com Márcio e criei três músicas, uma atrás da outra.”<br><br>Milton, um cineasta da canção, conta no livro como criou Morro Velho, em 1967. Seu pensamento ficcionista não precisava viver para criar, mas imaginar. “Morro Velho tem uma outra história que não vivi, mas que pude imaginar quando criança, nas vezes em que ia para a fazenda da tia do Wagner (Tiso). Lá, tinha um empregado chamado Niceto Aniceto, que vinha sempre contar causos e ficar conversando com a gente. E passava um trem na beira do rio, à margem da fazenda. Fiquei com esse cenário todo na cabeça e comecei a imaginar aqueles personagens, por exemplo, o filho do Niceto, amigo dos filhos dos donos da fazenda, que depois iriam embora estudar e já voltariam doutores. Curioso que essa história que criei acabou se tornando realidade.”<br><br>A música Certas Canções, uma parceria com Tunai, de 1982, tem outras revelações. E aqui vale contar a estratégia de Nuha, que viabilizou a publicação do livro. “Eu comecei a escrever as histórias das músicas que Milton contava aos jornalistas durante suas entrevistas. Foi assim que o material começou a ser acumulado.” Sobre Certas Canções, a entrevista foi dada em Tóquio ao próprio autor, jornalista à época da publicação International Press, voltada para a comunidade de brasileiros que vivia no Japão. Foi ali que Nuha começou a se aproximar do artista. “Fiz essa música inspirado em Ebony and Ivory (de Paul McCartney e Stevie Wonder)”, conta Milton sobre Certas Canções. Assim que a música acabou de tocar no rádio, Milton resmungou. “Como eu não pensei nisso antes?” Era o marfim e o ébano, o branco e o preto convivendo em harmonia no instrumento. “Tempos depois, Tunai me mandou uma música e pediu para eu escrever uma letra. Foi assim que nasceu Certas Canções, completamente inspirada em Ebony and Ivory.” ','2017-09-25','17:30:55',0,8),
 (14,'Rajadas de rádio rápidas acontecem a cada segundo no Universo, segundo estudos','Dois astrônomos do Centro Harvard-Smithsonian de Astrofísica (CfA) estimaram quantas FRBs devem ocorrer ao longo de todo o universo observável.','Quando rajadas de rádio rápidas, ou FRB (Fast Radio Bursts), foram detectadas pela primeira vez em 2001, os astrônomos nunca tinha visto nada parecido antes. Desde então, os astrônomos descobriram um par de dezenas de FRBs, mas eles ainda não sabem o que provoca essas explosões rápidas e poderosas de emissão de rádio.<br><br>Pela primeira vez, dois astrônomos do Centro Harvard-Smithsonian de Astrofísica (CfA) estimaram quantas FRBs devem ocorrer ao longo de todo o universo observável. O trabalho indica que pelo menos uma FRB acontece em algum lugar a cada segundo.<br><br>“Se estamos certos sobre uma alta taxa de FRBs acontecendo em determinado momento, você pode imaginar que o céu está cheio de flashes como fotos paparazzi quando veem uma celebridade”, disse Anastasia Fialkov do CfA, que liderou o estudo. “Em vez da luz, que podemos ver com nossos olhos, estes flashes vêm em ondas de rádio.”<br><br>Para fazer sua estimativa, Fialkov e o co-autor do trabalho, Avi Loeb assumiram que a FRB 121.102, uma explosão de rádio rápida localizada em uma galáxia a cerca de 3 bilhões de anos luz de distância, é representativa para todos as FRBs. Como esta FRB produziu rajadas repetidas desde a sua descoberta em 2002, astrônomos foram capazes de estudá-la com muito mais detalhe do que outras FRBs. Usando essa informação, eles puderam associar que existiriam muitas FRBs por todo o céu.<br><br>“No tempo que você leva para beber uma xícara de café, centenas de FRBs acontecem em algum lugar no Universo”, disse Avi Loeb. “Se podemos estudar até mesmo uma fração delas o suficiente, devemos ser capazes de desvendar sua origem.”<br><br>Enquanto sua natureza exata ainda é desconhecida, a maioria dos cientistas acredita que as FRBs tem origem em galáxias a bilhões de anos-luz de distância. Uma ideia principal é que as FRBs são os subprodutos de estrelas de nêutrons jovens, que giram rapidamente e que possuem campos magnéticos extraordinariamente fortes.<br><br>Fialkov e Loeb salientam que as SBRF podem ser usadas para estudar a estrutura e evolução do Universo mesmo se a sua origem seja ou não totalmente compreendida. Uma grande população de FRBs distantes poderia atuar como sondas de material através das distâncias gigantescas. Este material intervem no sinal da radiação cósmica de fundo (CMB), os vestígios do Big Bang. Um estudo cuidadoso deste material deve dar uma melhor compreensão dos constituintes cósmicos básicos, tais como as quantidades relativas de matéria comum, matéria escura e energia escura, que afetam a rapidez com que o universo está se expandindo.<br><br>FRBs também podem ser usadas para traçar o que quebrou o “nevoeiro” de átomos de hidrogênio que invadiu o universo e espalhou elétrons e prótons livres, quando a temperatura se arrefeceu após o big bang. Pensa-se geralmente que a radiação ultravioleta (UV) das primeiras estrelas ionizou o gás hidrogênio, limpou o nevoeiro e permitiu que esta luz UV escapasse. Estudos de FRBs muito distantes permitirão aos cientistas estudar onde, quando e como esse processo de “reionização” ocorreu.<br><br>“FRBs são como lanternas incrivelmente poderosas que achamos que podem penetrar estes nevoeiro e serem vistas através de grandes distâncias”, disse Fialkov. “Isso pode nos permitem estudar o “amanhecer” do universo de uma maneira nova.”<br><br>Os autores também examinaram quão bem sucedidos os novos radiotelescópios são –  tanto aqueles já em operação e as planejadas para o futuro – em descobrir um grande número de FRBs. Por exemplo, o Square Kilometre Array (SKA) que está sendo desenvolvido, será um poderoso instrumento para a detecção de FRBs. O novo estudo sugere que o SKA pode ser capaz de detectar mais de uma FRB por minuto, originadas a partir do momento em que a reionização ocorreu.<br><br>OCanadian Hydrogen Intensity Mapping Experiment (CHIME), que recentemente começou a operar, será também uma máquina poderosa para detectar FRBs, embora a sua capacidade para detectar as rajadas dependerá do seu espectro, ou seja, a intensidade das ondas de rádio depende do comprimento de onda.<br><br>O artigo de Fialkov e Loeb que descreve estes resultados foi publicado em 10 de setembro de 2017 questão da Astrophysical Journal Letters, e está disponível online.','2017-09-25','15:10:23',0,1),
 (15,'Presidente do PSG oferece R$ 3,7 mi para Cavani abandonar pênaltis','Uruguaio recusou a oferta e alegou que mérito de fazer as cobranças é dele','O presidente do Paris Saint-Germain, Nasser Al-Khelaifi, teria oferecido uma quantia gorda para que o uruguaio Cavani abrisse mão de bater os pênaltis e deixasse o título de batedor oficial com Neymar. Segundo o jornal El País, a quantia chegou a R$ 3,7 milhões (1 milhão de euros), mas a proposta deixou o atacante do PSG um tanto quanto irritado. <br><br>Al-Khelaifi teria enviado um representante para negociar a posição com o uruguaio: em contrato assinado, estava previsto o pagamento da quantia caso Cavani se tornasse artilheiro do Campeonato Francês. Na proposta do presidente do PSG, o uruguaio receberia o valor mesmo se não atingisse o posto. <br><br><br>Cavani recusou a proposta e argumentou que o direito de cobrar os pênaltis veio por mérito, fazendo com que Al-Khelaifi tivesse que contatar Neymar para tentar manter um clima pacífico na equipe. A justificativa, ao brasileiro, foi a de que como Neymar já é estrela do time, poderia deixar o colega bater os pênaltis. O ex-jogador do Barcelona disse não ter compreendido a lógica do presidente do clube. <br><br>Diante da negativa do uruguaio, ainda segundo o \"El País\", o presidente do PSG teria então abordado Neymar com o objetivo de apaziguar a crise no vestiário. Ao brasileiro, argumentou que a estrela do time poderia conceder a responsabilidade das cobranças de pênalti a Cavani, que vive de gols. Mas o brasileiro \"não compreendeu essa lógica\".','2017-09-25','17:21:49',0,7),
 (16,'Os raios cósmicos de alta energia vêm de fora da nossa galáxia','O Observatório Pierre Auger finalmente tem evidências de que as partículas mais energéticas da natureza provêm de fontes externas à Via Láctea.','“Pela primeira vez, temos a prova de que os raios cósmicos de maior energia são de origem extragaláctica”, diz Alan Watson, um astrônomo do Reino Unido e cofundador do observatório. O resultado vem como um alívio para os pesquisadores, após reivindicações anteriores relativas à sua origem feitas há dez anos pelo observatório. A colaboração posteriormente tinha se  mostrado prematura.<br><br>A equipe internacional analisou 12 anos de dados e descobriu que as partículas na maior faixa de energia eram mais prováveis ​​de uma região do céu fora do disco da Via Láctea. Essa assimetria é aproximadamente consistente com a distribuição de galáxias vizinhas, informaram os pesquisadores na edição de 22 de setembro da Science.<br><br>O estudo não identifica as fontes individuais dos raios cósmicos, nem explica como eles atingem suas mais altas energias. Mas os pesquisadores esperam que seja um primeiro passo para entender suas origens.<br><br>Chuveiro invisível<br><br>A maioria dos raios cósmicos são prótons ou outras partículas carregadas, incluindo núcleos atômicos tão pesados ​​quanto o ferro. Quando tal partícula chega à atmosfera superior da Terra e colide com um núcleo atômico no ar, produz uma explosão de metralhadoras de partículas subatômicas. Estes atingem outros núcleos e produzem mais partículas, gerando um “chuveiro” invisível que é frequentemente espalhado por muitos quilômetros quadrados quando atinge o solo.<br><br>Para detectar esses chuveiros, o Observatório Pierre Auger tem 1.600 tanques de água de tamanho de carro colocados a intervalos de 1,5 km, para cobrir 3.000 quilômetros quadrados de planícies gramíneas na província argentina de Mendoza.<br><br>Quatro conjuntos de telescópios monitoram o céu sobre a disposição, e – nas noites sem lua – podem detectar flashes de luz ultravioleta gerados pelos chuveiros. A partir da sua localização relativamente próxima ao equador, a matriz pode pegar raios cósmicos provenientes de todo o céu do sul, bem como de grande parte do céu do norte, cobrindo 85% da esfera celestial.<br><br>O observatório precisa ser tão grande para pegar o suficiente das partículas mais procuradas. Os raios cósmicos foram detectados com energias além de 10²⁰ electronvolts (eV); em comparação, o Large Hadron Collider perto de Genebra, na Suíça, o acelerador de partículas mais poderoso do mundo, empurra os prótons para apenas 7 × 10¹² eV. No entanto, os raios cósmicos tornam-se cada vez mais raros, quanto maiores forem suas energias. Uma partícula na faixa de 10²⁰ eV, em média, atinge um quilômetro quadrado da Terra apenas uma vez por século.<br><br>Os pesquisadores analisaram 32.187 partículas que tiveram energias acima de 8 × 10¹⁸ eV, detectadas pelo observatório desde o início até 2004, até 2016. O campo magnético da Galáxia dobra os caminhos das partículas carregadas, que podem aleatorizar sua direção quando atingiram a Terra. Mas essas partículas ainda eram 6% mais prováveis ​​do que a média para vir de uma determinada região do céu, que está fora do disco da Via Láctea.<br><br>Desvio de surpresa<br><br>A maioria dos pesquisadores esperava uma inclinação, mas não tão forte, diz Piera Ghia, física de astropartículas do Instituto de Física Nuclear do CNRS em Orsay, França, que ajudou a coordenar a análise de dados. O astrofísico Francis Halzen da Universidade de Wisconsin-Madison concorda. “É realmente muito grande. Para mim, foi uma surpresa”, diz Halzen, que é porta-voz do IceCube, um importante observatório de neutrinos no pólo sul.<br><br>Quando a deflexão magnética é levada em consideração, a assimetria observada pelo Observatório Pierre Auger é consistente com a distribuição de galáxias de 90 megaprosecs (cerca de 300 milhões de anos-luz) ou então da Via Láctea, diz Silvia Mollerach, um astrofísico Auger no Instituto Balseiro em San Carlos de Bariloche, Argentina.<br><br>Os resultados desfez fortemente o buraco negro supermassivo no centro da Via Láctea como uma das principais fontes de partículas de alta energia. “As fontes mais prováveis ​​continuam a ser os suspeitos habituais”, diz Mollerach: fenômenos astrofísicos que geram campos magnéticos extremamente intensos, dentro dos quais as partículas carregadas podem fazer pinball e ganhar energia. Estes incluem núcleos galácticos ativos – buracos negros supermassivos que vomitam jatos de matéria a uma velocidade próxima da luz – e as explosões estelares chamadas explosões de raios y.<br><br>A última afirmação é bastante conservadora em comparação com uma que a colaboração feita em 2007. Naquela época, encontrou uma correlação entre 27 raios cósmicos de alta energia (acima de 57 × 10¹⁸ eV) que tinha visto até esse ponto e um conjunto de conhecidos núcleos galácticos ativos. O papel causou uma sensação, mas a significância estatística do resultado foi fraca e logo derretida à medida que a matriz coletou mais dados. “Em retrospectiva, foi um erro que publicamos muito cedo”, diz o porta-voz Auger, Karl-Heinz Kampert, físico da Universidade de Wuppertal na Alemanha.<br><br>Desta vez, a equipe não teve chances: acumulou muito mais dados e confia em que os resultados são sólidos, diz Kampert. Halzen concorda. “Eu não acho que haja dúvidas sobre a significância estatística” dos últimos resultados, diz ele.<br><br>Agora que os pesquisadores têm mais dados, eles tentarão novamente encontrar correlações com fontes potenciais. Os resultados desse estudo devem aparecer em poucos meses. A colaboração também planeja unir forças com um observatório menor em Utah, o Telescope Array, para tentar mapear as origens dos raios cósmicos em todo o céu.<br><br>O Observatório Pierre Auger também está nos estágios iniciais de uma atualização de US $ 12 milhões que deve permitir medir melhor a abundância relativa de prótons e núcleos mais pesados ​​no fluxo de raios cósmicos.','2017-09-25','18:51:50',0,1),
 (17,'O que realmente acontece durante uma colisão no LHC?','É menos parecido com uma colisão e mais com uma sinfonia.','O Large Hadron Collider é definitivamente grande. Com uma circunferência de mais de 27km, é o maior colisor do planeta. Mas a última palavra de seu nome é um pouco enganadora. Isso porque o que colide no LHC são as pequenas partes dentro dos hádrons, não os próprios hádrons.<br><br>Os hádrons são partículas compostas feitas de quarks e glúons. Os glúons carregam a força forte, o que permite que os quarks permaneçam unidos e os liga em uma única partícula. A forração principal do LHC são hádrons chamados prótons. Os prótons são compostos por três quarks e um número indefinível de glúons (os prótons, por sua vez, compõem os átomos, que são os blocos de construção de tudo o que nos rodeia).<br><br>Se um próton fosse ampliado ao tamanho de uma bola de basquete, ficaria vazio. Assim como os átomos, os prótons são principalmente espaço vazio. Os quarks e glúons individuais dentro são conhecidos por serem extremamente pequenos, menos de 1/10.000º do tamanho de todo o próton.<br><br>“O interior de um próton parece ser a atmosfera ao seu redor”, diz Richard Ruiz, teórico da Universidade de Durham. “É uma mistura de espaço vazio e partículas microscópicas que, para todos os efeitos, não possuem volume físico.<br><br>“Mas se você colocar essas partículas dentro de um balão, você verá o balão se expandir. Embora as partículas internas sejam microscópicas, elas interagem entre si e exercem uma força em seus arredores, produzindo inevitavelmente algo que tem um volume observável”.<br><br>Então, como você colide dois objetos que são efetivamente espaço vazio? Você não pode. Mas, felizmente, você não precisa de uma colisão clássica para desencadear o potencial total de uma partícula.<br><br>Na física de partículas, o termo “colidir” pode significar que dois prótons se aproximam um do outro, e seus componentes fundamentais passam tão próximos que podem interagir um com o outro. Se suas vozes forem suficientemente altas e ressoarem do jeito certo, elas podem alcançar campos ocultos profundos que irão cantar sua própria melodia em resposta – produzindo novas partículas.<br><br>“É muito parecido com a música”, diz Ruiz. “O universo inteiro é uma sinfonia de harmonias complexas que chamam e respondem umas às outras. Podemos produzir facilmente os tons médios, que seriam como fótons e múons, mas algumas dessas notas são tão altas que requerem uma enorme quantidade de energia e condições muito precisas para ressoar”.<br><br>O espaço é permeado de campos dormentes que podem expandir brevemente uma partícula em existência quando vibrada com a quantidade certa de energia. Estes campos desempenham papéis importantes, mas quase sempre funcionam nos bastidores. O campo de Higgs, por exemplo, está sempre interagindo com outras partículas para ajudá-las a ganhar massa. Mas uma partícula de Higgs só aparecerá se o campo tiver a ressonância certa.<br><br>Quando os prótons se encontram durante uma colisão do LHC, eles se separam e os quarks e glúons são liberados. Eles interagem e puxam mais quarks e glúons fora do espaço, eventualmente formando um banho de hádrons de rápido movimento.<br><br>Esta simbiose subatômica é executada pelo LHC e registrada pelo experimento, mas não está restrita ao ambiente laboratorial; as partículas também são aceleradas por fontes cósmicas tais como remanescentes de supernova. “Isso acontece em todo o universo”, diz Ruiz. “O LHC e suas experiências não são especiais nesse sentido. Eles são mais como uma grande sala de concertos que fornece energia para abrir e gravar a sinfonia dentro de cada próton”.','2017-09-25','18:54:40',0,1),
 (18,'Pesquisadores descobrem um universo multidimensional em redes cerebrais','Trabalho inovador que está começando a revelar segredos profundos da arquitetura do cérebro.','Usando topologia algébrica de uma forma que nunca foi usada antes na neurociência, a equipe do Blue Brain Project descobriu um universo de estruturas geométricas multidimensionais e espaços dentro das redes do cérebro.<br><br>A pesquisa, publicada na Frontiers in Computational Neuroscience, mostra que essas estruturas emergem quando um grupo de neurônios formam uma panelinha: cada neurônio se conecta à todos os outros neurônios do grupo de uma forma muito específica, que gera um objeto geométrico preciso. Quanto mais neurônios há em uma panelinha, maior é a dimensão do objeto geométrico.<br><br>“Encontramos um mundo que nunca tínhamos imaginado”, diz o neurocientista Henry Markram, diretor do Blue Brain Project e professor da EPFL em Lausanne, na Suíça. “Há dezenas de milhões desses objetos, mesmo em uma pequena parte do cérebro, até sete dimensões. Em algumas redes, até encontramos estruturas com até onze dimensões.”<br><br>Markram sugere que isso pode explicar por que tem sido tão difícil entender o cérebro. “A matemática usualmente aplicada para estudar redes não pode detectar grandes dimensões estruturais e espaços, que, agora, claramente podemos observar.”<br><br>Se os mundos 4D estendem a nossa imaginação, mundos com 5, 6 ou mais dimensões são demasiadamente complexos para a maioria de nós entender. É aqui que a topologia algébrica entra: um ramo da matemática que pode descrever sistemas com qualquer número de dimensões. Os matemáticos que levaram a topologia algébrica para o estudo de redes cerebrais no Blue Brain Project foram Kathryn Hess da EPFL e Ran Levi da Universidade de Aberdeen.<br><br>“A topologia algébrica é como um telescópio e um microscópio ao mesmo tempo. Pode ampliar as redes para encontrar estruturas ocultas – como árvores em florestas – e ver os espaços vazios – claramente – tudo ao mesmo tempo”, explica Hess.<br><br>Em 2015, o Blue Brain Project publicou a primeira cópia digital de uma peça do córtex cerebral – a parte mais evoluída do cérebro e o local onde reside nossas sensações, ações e consciência. Nesta pesquisa mais recente, usando topologia algébrica, vários testes foram realizados no tecido cerebral virtual para mostrar que as estruturas cerebrais multidimensionais descobertas nunca poderiam ser produzidas por acaso. Então, experimentos foram realizados em um tecido cerebral real no Blue Brain’s Wet Lab, em Lausanne, confirmando que as descobertas anteriores no tecido virtual são biologicamente relevantes, e, também, sugerindo que o cérebro constantemente se reconecta durante o desenvolvimento para construir uma rede com números cada vez maiores de estruturas possíveis em alta dimensão.<br><br>Quando os pesquisadores apresentaram o tecido cerebral virtual com um estímulo, grupos de dimensões progressivamente maiores reuniram-se momentaneamente para incluir buracos de alta dimensão, que os pesquisadores se referem como cavidades. “O aparecimento de cavidades de alta dimensão quando o cérebro está processando informações significa que os neurônios na rede reagem a estímulos de uma forma extremamente organizada”, diz Levi. “É como se o cérebro reagisse a um estímulo por edifício, em seguida, demolisse uma torre de blocos multidimensionais, começando com hastes (1D), depois, pranchas (2D), em seguida, cubos (3D), e, então, geometrias mais complexas com 4D, 5D, etc. A progressão da atividade através do cérebro assemelha-se a um castelo de areia multidimensional que se materializa fora da areia e depois se desintegra.”<br><br>A grande questão que esses pesquisadores estão enfrentando agora é se a complexidade das tarefas que podemos realizar depende da complexidade multidimensional dos ‘castelos de areia’ que o cérebro pode construir. A neurociência também tem lutado para descobrir onde o cérebro guarda suas memórias. “Eles podem se ‘esconder’ em cavidades de alta dimensão”, Markram especula.','2017-09-25','19:00:29',0,1),
 (19,'Pássaro capturado no âmbar há 100 milhões de anos é o melhor achado do tipo','Insetos não são as únicas criaturas que ficaram presas no âmbar durante a época dos dinossauros.','Pássaro capturado no âmbar há 100 milhões de anos é o melhor achado do tipo','2017-09-30','12:30:24',1,1),
 (20,'Relator de CPI da JBS é acusado de desvio de R$ 16,6 mi','Deputado Carlos Marun (PMDB-MS) responde por improbidade administrativa; parlamentar nega a acusação e informou comissão sobre o caso','O deputado federal Carlos Marun (PMDB-MS), relator da CPI mista da JBS e defensor de primeira hora do presidente Michel Temer, está sendo processado por improbidade administrativa quando era presidente da Agência de Habitação Popular de Mato Grosso do Sul (Agehab). Em denúncia do Ministério Público Estadual, aceita pela Justiça, Marun é acusado, com outros 13 réus, por causar lesão ao erário em valores estimados em R$ 16,6 milhões.<br><br>“Estou me defendendo, e tenho certeza de que o processo resultará na minha absolvição”, disse o deputado. Nesta quarta-feira, 20, mesmo dia em que o Estado falou com seus advogados, Marun informou à CPI que a ação estava em andamento.<br><br>O processo tramita, desde junho de 2013, na 1.ª Vara de Direitos Difusos, Coletivos e Individuais Homogêneos da Justiça de Mato Grosso do Sul. Está com o juiz Alexandre Antunes da Silva, em fase de recebimento da contestação dos réus – Carlos Eduardo Xavier Marun, Agehab, a empresa Dighito Brasil, e outros 11 denunciados. A defesa de Marun foi entregue em 6 de março. Seus advogados, do escritório Paulo Tadeu Haendchen, refutam as acusações e pedem a total improcedência da ação. Os demais réus também, por seus respectivos advogados.<br><br>Marun se notabilizou, na Câmara dos Deputados, como integrante da tropa de choque do deputado Eduardo Cunha, preso e condenado na Operação Lava Jato. Gaúcho de nascimento, fez carreira política no PMDB de Mato Grosso do Sul. Foi vereador (2005-2007) e deputado estadual (2007-2014). Licenciou-se para ser secretário de Habitação e Cidades e presidente da Agência de Habitação Popular, a convite do governador peemedebista André Pucinelli (2007-2014).<br><br>Em junho de 2013, o Ministério Público Estadual, com a assinatura do promotor Fabrício Proença de Azambuja, denunciou a Agehab por “agir de má-fé” ao descumprir um termo de ajustamento de conduta que mandava realizar concurso público para preenchimento dos cargos – e “a privilegiar e empresa Dighito com contratos milionários” de terceirização. Segundo a denúncia, os contratos e os aditivos entre a Agehab e a Dighito, constantes nos autos, “movimentaram a quantia de R$ 16.644.202,00”. <br><br>“A Agehab tem desrespeitado o princípio do concurso público, se valendo de terceirizações irregulares para suprir a falta de servidores públicos concursados”, diz a denúncia do MPE. “Os diretores da Agehab e os sócios da empresa Dighito também incorreram em ato de improbidade que causa prejuízo ao erário, pois se verifica que os contratos celebrados entre a empresa e a Agehab foram superfaturados, e tiveram aumentos mais do que generosos ao longo dos anos, com a nítida intenção de causar prejuízo ao Estado de Mato Grosso do Sul e beneficiar a empresa Dighito e seus sócios”.<br><br>Funcionários. Segundo a denúncia, durante o período de 2012/2013, a Dighito tinha 38 funcionários prestando serviços à Agehab, o que custava ao Estado, por mês, R$ 325.675,25, ou R$ 8.570,40 por funcionário. “Dos depoimentos prestados pelos funcionários da empresa é possível perceber que são pessoas simples, que recebem na sua maioria salários em torno de R$ 1 mil, donde se concluiu que tem alguém ganhando muito dinheiro com esta terceirização e não são os funcionários”, diz o MPE. “Não é difícil perceber por que o capital social da empresa Dighito passou de R$ 2.000,00 para R$ 1.655.000,00 após a assinatura do contrato de prestação de serviços com a Agehab.”<br><br>Além de sua atuação como presidente da Agehab, Marun é responsabilizado, especificamente, por dois termos aditivos que prorrogaram o contrato por 12 meses, “constando em todos eles reajustes abusivos, em especial o Termo Aditivo n.º 02/10, em que a parcela mensal em favor da empresa Dighito passou de R$ 199.463,42 para R$ 248.863,42, sem nenhum acréscimo de serviços ou atividades extras”. <br><br>Diz a denúncia: “Essas pessoas (Marun e outros dirigentes da Agehab), em vez de zelar pelo patrimônio público, contribuíram de forma decisiva para a dilapidação do erário, pois possuíam o poder de gestão da autarquia, e optaram por celebrar contratos e aditivos que tinham como finalidade beneficiar a empresa Dighito, que se enriqueceu às custas dos mencionados contratos”. <br><br>Defesas. A defesa de Carlos Marun, por seus advogados, argui que durante a sua gestão na Agehab “foram atendidas as exigências do Ministério Público Estadual – não renovação do contrato com a Dighito e realização de concurso para preenchimento de pelo menos 70% das vagas de trabalho”. Afirma que os funcionários terceirizados não exerceram atividade-fim, como alega o MPE. Cita depoimentos de 25 funcionários que corroboram a afirmação.<br><br>Na defesa da Dighito, o advogado Ronaldo de Souza Franco argumenta que “todos os serviços remunerados foram prestados na medida exata daquilo que fora contratado”. ','2017-09-26','19:17:41',0,5),
 (26,'Google pode estar desenvolvendo caixa de som inteligente com tela','Fontes do site TechChunch confirmaram que a empresa está trabalhando em um concorrente para o Amazon Echo Show','O Google está desenvolvendo uma nova caixa de som inteligente com tela, segundo o site norte-americano TechCrunch. De acordo com a publicação, a empresa está tentando competir com o Echo Show da Amazon e, por isso, planeja lançar o dispositivo com tela, apelidado de “Projeto Manhattan”, ainda em 2017.<br>\n<br>\nDuas fontes ouvidas pelo TechCrunch confirmaram que o aparelho possui uma tela de sete polegadas, como a do Echo Show. O dispositivo vai permitir uso do YouTube, Google Assistant, Google Fotos e de chamadas de vídeo. Além disso, ele poderá controlar os dispositivos da casa inteligente, como termostato Nest e a caixa de som conectada Google Home.<br>\n<br>\nDe acordo com o TechCrunch, o aparelho vai rodar uma versão especial do Android, o que vai permitir que terceiros desenvolvam aplicativos para ele. Aparentemente o Google estaria muito interessado em colocar o Netflix para rodar no dispositivo, mas nada está confirmado ainda.<br>\n<br>\nRivalidade. Com a chegada do Echo Show, lançado no começo deste ano, o Google está pressionando sua equipe para entregar o produto ainda em 2017, apesar dos planos originais da empresa serem para 2018. Antes do produto da Amazon, o Google estava trabalhando em produtos com telas grandes, pensados para competir com televisores, mas agora está focado no Manhattan.<br>\n<br>\nOs rumores sobre o dispositivo podem indicar a razão pela qual o Google removeu o YouTube do Echo Show. Na ocasião, a Amazon disse ao jornal The Verge que a empresa tinha escolhido não disponibilizar o YouTube para seu dispositivo sem dar explicações.<br>\n<br>\nO Google respondeu aos comentários dizendo que a Amazon violou os termos de serviço ao colocar o YouTube no Echo Show, uma vez que o dispositivo não mostrava todas as recomendações e inscrições dos usuários.','2017-09-30','12:38:58',0,2),
 (27,'Google pode estar desenvolvendo caixa de som inteligente com tela','Fontes do site TechChunch confirmaram que a empresa está trabalhando em um concorrente para o Amazon Echo Show','O Google está desenvolvendo uma nova caixa de som inteligente com tela, segundo o site norte-americano TechCrunch. De acordo com a publicação, a empresa está tentando competir com o Echo Show da Amazon e, por isso, planeja lançar o dispositivo com tela, apelidado de “Projeto Manhattan”, ainda em 2017.<br>\n<br>\nDuas fontes ouvidas pelo TechCrunch confirmaram que o aparelho possui uma tela de sete polegadas, como a do Echo Show. O dispositivo vai permitir uso do YouTube, Google Assistant, Google Fotos e de chamadas de vídeo. Além disso, ele poderá controlar os dispositivos da casa inteligente, como termostato Nest e a caixa de som conectada Google Home.<br>\n<br>\nDe acordo com o TechCrunch, o aparelho vai rodar uma versão especial do Android, o que vai permitir que terceiros desenvolvam aplicativos para ele. Aparentemente o Google estaria muito interessado em colocar o Netflix para rodar no dispositivo, mas nada está confirmado ainda.<br>\n<br>\nRivalidade. Com a chegada do Echo Show, lançado no começo deste ano, o Google está pressionando sua equipe para entregar o produto ainda em 2017, apesar dos planos originais da empresa serem para 2018. Antes do produto da Amazon, o Google estava trabalhando em produtos com telas grandes, pensados para competir com televisores, mas agora está focado no Manhattan.<br>\n<br>\nOs rumores sobre o dispositivo podem indicar a razão pela qual o Google removeu o YouTube do Echo Show. Na ocasião, a Amazon disse ao jornal The Verge que a empresa tinha escolhido não disponibilizar o YouTube para seu dispositivo sem dar explicações.<br>\n<br>\nO Google respondeu aos comentários dizendo que a Amazon violou os termos de serviço ao colocar o YouTube no Echo Show, uma vez que o dispositivo não mostrava todas as recomendações e inscrições dos usuários.','2017-09-30','12:41:27',0,2);
INSERT INTO `noticia` (`CD_NOTICIA`,`NM_TITULO_NOTICIA`,`NM_LINHA_FINA_NOTICIA`,`DS_TEXTO_NOTICIA`,`DT_PUBLICACAO_NOTICIA`,`HR_PUBLICACAO_NOTICIA`,`IC_DESTAQUE_NOTICIA`,`CD_CATEGORIA`) VALUES 
 (28,'Três pessoas morrem atropeladas na Marginal do Tietê','Motorista alcoolizada invadiu acostamento e atingiu as vítimas que estavam fora de um carro','SÃO PAULO - Uma mulher alcoolizada invadiu o acostamento da pista expressa da Marginal do Tietê, na zona norte de São Paulo, e matou três pessoas que estavam fora de um carro, possivelmente fazendo reparos no veículo, na manhã deste sábado, 30.<br>\n<br>\nAs informações são do 91º Distrito Policial, onde a ocorrência foi registrada. A motorista fez o teste do bafômetro, que constatou a ingestão de álcool acima do permitido.<br>\n<br>\nO acidente ocorreu por volta das 5h, sentido Ayrton Senna, cerca de 50 metros antes da Ponte dos Remédios. Uma quarta pessoa ficou ferida e foi socorrida pelo Serviço de Atendimento Móvel de Urgência  (SAMU).<br>\n<br>\nSegundo a Companhia de Engenharia de Tráfego (CET), há lentidão na pista por aproximação e apenas o acostamento está ocupado.','2017-09-30','12:47:17',0,3);
/*!40000 ALTER TABLE `noticia` ENABLE KEYS */;


--
-- Definition of table `tipo_usuario`
--

DROP TABLE IF EXISTS `tipo_usuario`;
CREATE TABLE `tipo_usuario` (
  `CD_TIPO_USUARIO` int(11) NOT NULL DEFAULT '0',
  `NM_TIPO_USUARIO` varchar(45) DEFAULT NULL,
  PRIMARY KEY (`CD_TIPO_USUARIO`)
) ENGINE=InnoDB DEFAULT CHARSET=utf8;

--
-- Dumping data for table `tipo_usuario`
--

/*!40000 ALTER TABLE `tipo_usuario` DISABLE KEYS */;
INSERT INTO `tipo_usuario` (`CD_TIPO_USUARIO`,`NM_TIPO_USUARIO`) VALUES 
 (1,'Administrador');
/*!40000 ALTER TABLE `tipo_usuario` ENABLE KEYS */;


--
-- Definition of table `usuario`
--

DROP TABLE IF EXISTS `usuario`;
CREATE TABLE `usuario` (
  `CD_LOGIN_USUARIO` varchar(64) NOT NULL DEFAULT '',
  `NM_USUARIO` varchar(45) DEFAULT NULL,
  `NM_SENHA_USUARIO` varchar(64) DEFAULT NULL,
  `CD_TIPO_USUARIO` int(11) DEFAULT NULL,
  PRIMARY KEY (`CD_LOGIN_USUARIO`),
  KEY `FK_USUARIO_TU` (`CD_TIPO_USUARIO`),
  CONSTRAINT `FK_USUARIO_TU` FOREIGN KEY (`CD_TIPO_USUARIO`) REFERENCES `tipo_usuario` (`CD_TIPO_USUARIO`)
) ENGINE=InnoDB DEFAULT CHARSET=utf8;

--
-- Dumping data for table `usuario`
--

/*!40000 ALTER TABLE `usuario` DISABLE KEYS */;
INSERT INTO `usuario` (`CD_LOGIN_USUARIO`,`NM_USUARIO`,`NM_SENHA_USUARIO`,`CD_TIPO_USUARIO`) VALUES 
 ('21232f297a57a5a743894a0e4a801fc3','Administrador','ed2b1f468c5f915f3f1cf75d7068baae',1);
/*!40000 ALTER TABLE `usuario` ENABLE KEYS */;




/*!40101 SET SQL_MODE=@OLD_SQL_MODE */;
/*!40014 SET FOREIGN_KEY_CHECKS=@OLD_FOREIGN_KEY_CHECKS */;
/*!40014 SET UNIQUE_CHECKS=@OLD_UNIQUE_CHECKS */;
/*!40101 SET CHARACTER_SET_CLIENT=@OLD_CHARACTER_SET_CLIENT */;
/*!40101 SET CHARACTER_SET_RESULTS=@OLD_CHARACTER_SET_RESULTS */;
/*!40101 SET COLLATION_CONNECTION=@OLD_COLLATION_CONNECTION */;
/*!40101 SET CHARACTER_SET_CLIENT=@OLD_CHARACTER_SET_CLIENT */;
